{
  "id": "43c09092-6105-4ec4-8918-969e815d57b2",
  "name": "Directions",
  "isOverridable": true,
  "entries": [
    {
      "value": "forward",
      "synonyms": [
        "straight",
        "forwards"
      ]
    },
    {
      "value": "back",
      "synonyms": [
        "backwards"
      ]
    },
    {
      "value": "right",
      "synonyms": [
        "right"
      ]
    },
    {
      "value": "left",
      "synonyms": [
        "left"
      ]
    },
    {
      "value": "back",
      "synonyms": [
        "back"
      ]
    }
  ],
  "isEnum": false,
  "automatedExpansion": false
}