{
  "id": "d3571d25-2100-491a-a7a1-652bcef87692",
  "name": "History",
  "isOverridable": true,
  "entries": [
    {
      "value": "happened",
      "synonyms": [
        "happened"
      ]
    },
    {
      "value": "blind",
      "synonyms": [
        "blind"
      ]
    },
    {
      "value": "deaf",
      "synonyms": [
        "deaf"
      ]
    },
    {
      "value": "curse",
      "synonyms": [
        "curse"
      ]
    },
    {
      "value": "health",
      "synonyms": [
        "health",
        "wellbeing"
      ]
    }
  ],
  "isEnum": false,
  "automatedExpansion": false
}