{
  "id": "8e018cc6-fcf8-49a3-9621-4cd723ddcd47",
  "name": "Identity",
  "isOverridable": true,
  "entries": [
    {
      "value": "i",
      "synonyms": [
        "i",
        "me",
        "I\u0027m"
      ]
    },
    {
      "value": "you",
      "synonyms": [
        "you",
        "spirit",
        "guide"
      ]
    },
    {
      "value": "them",
      "synonyms": [
        "them",
        "others"
      ]
    },
    {
      "value": "repitllian",
      "synonyms": [
        "repitllian",
        "creature"
      ]
    },
    {
      "value": "let\u0027s",
      "synonyms": [
        "let\u0027s",
        "us",
        "ourselves"
      ]
    }
  ],
  "isEnum": false,
  "automatedExpansion": false
}