{
  "id": "41f2af49-ea0d-4fc0-a784-6321b99fb8d4",
  "name": "Location",
  "isOverridable": true,
  "entries": [
    {
      "value": "mountain",
      "synonyms": [
        "mountain"
      ]
    },
    {
      "value": "valley",
      "synonyms": [
        "valley"
      ]
    },
    {
      "value": "forest",
      "synonyms": [
        "forest",
        "woods"
      ]
    },
    {
      "value": "statue",
      "synonyms": [
        "statue"
      ]
    },
    {
      "value": "stone structure",
      "synonyms": [
        "stone structure"
      ]
    },
    {
      "value": "sky",
      "synonyms": [
        "sky"
      ]
    },
    {
      "value": "tree",
      "synonyms": [
        "tree"
      ]
    },
    {
      "value": "building",
      "synonyms": [
        "building"
      ]
    }
  ],
  "isEnum": false,
  "automatedExpansion": true
}