{
  "id": "e604dd8a-da7f-4434-a133-d1adf1d94b35",
  "name": "Query",
  "isOverridable": true,
  "entries": [
    {
      "value": "how",
      "synonyms": [
        "how"
      ]
    },
    {
      "value": "what",
      "synonyms": [
        "what"
      ]
    },
    {
      "value": "who",
      "synonyms": [
        "who"
      ]
    },
    {
      "value": "when",
      "synonyms": [
        "when"
      ]
    },
    {
      "value": "where",
      "synonyms": [
        "where"
      ]
    },
    {
      "value": "why",
      "synonyms": [
        "why"
      ]
    },
    {
      "value": "confused",
      "synonyms": [
        "confused",
        "misunderstand",
        "misunderstood",
        "understand"
      ]
    }
  ],
  "isEnum": false,
  "automatedExpansion": true
}